{"cameraMode":{"drawMode":0,"name":"Shaded","section":"Shading Mode"},"sceneLighting":false,"audioPlay":false,"sceneViewState":{"m_AlwaysRefresh":false,"showFog":false,"showSkybox":false,"showFlares":false,"showImageEffects":false,"showParticleSystems":false,"showVisualEffectGraphs":true,"m_FxEnabled":true},"in2DMode":false,"pivot":{"x":7.661804676055908,"y":87.52200317382813,"z":-0.43285369873046877},"rotation":{"x":0.004889147821813822,"y":-0.7331064939498901,"z":-0.005272486247122288,"w":-0.6800806522369385},"size":105.19995880126953,"orthographic":false}