{"cameraMode":{"drawMode":0,"name":"Shaded","section":"Shading Mode"},"sceneLighting":true,"audioPlay":false,"sceneViewState":{"m_AlwaysRefresh":false,"showFog":true,"showSkybox":true,"showFlares":true,"showImageEffects":true,"showParticleSystems":true,"showVisualEffectGraphs":true,"m_FxEnabled":true},"in2DMode":false,"pivot":{"x":27.323989868164064,"y":-0.8501176834106445,"z":27.702280044555665},"rotation":{"x":0.2585401237010956,"y":0.4171830713748932,"z":-0.12508583068847657,"w":0.8622571229934692},"size":1.277970314025879,"orthographic":false}